,country,ad_views,items_purchased,items_purch_per_ad
George,US,16,2,0.125
John,CAN,42,1,0.023809523809523808
Thomas,CAN,32,0,0.0
James,US,13,8,0.6153846153846154
Andrew,CAN,63,0,0.0
Martin,US,19,5,0.2631578947368421
William,US,65,7,0.1076923076923077
Zachary,US,23,3,0.13043478260869565
Millard,CAN,16,0,0.0
Franklin,US,77,5,0.06493506493506493
